	model	condition	microdiff	macrodiff	acc
0	google-bert/bert-base-multilingual-cased	long_vp_coord	1.926509355986216	1.926509355986216	0.556
1	google-bert/bert-base-multilingual-cased	obj_rel_within	-0.122902836814283	-0.122902836814283	0.2537521274949714
2	google-bert/bert-base-multilingual-cased	prep	0.6377559504121154	0.6377559504121154	0.6814625850340136
3	google-bert/bert-base-multilingual-cased	simple_agrmt	1.1037205703656323	1.1037205703656323	0.7857142857142857
4	google-bert/bert-base-multilingual-cased	vp_coord	1.6301506344306198	1.6301506344306198	0.789795918367347
